id,TotalCycle_h,Weight_T,SoakingTime_h,TargetTemp_C,EnergyConsumption_m3
6329,NULL,1111.111,3,930,3.1
6328,7.1167,1.76,3,1080,645.6
6327,1.7489,1.76,3,1080,93.86
6326,5.8317,6.734,4,620,276.58
6325,10.3722,6.734,4,930,579.58
6324,7.5389,5.248,3,930,476.39
6323,4.7797,6.612,3,620,219.66
6322,8.3436,6.612,3,930,558.82
6321,5.2294,5.784,3.5,620,200.62
6320,6.2258,5.784,3.5,930,418.1
6319,NULL,5.784,3.5,930,NULL
6318,4.7419,5.784,3.5,930,262.96
6317,4.9675,6.593,3,620,221.83
6316,8.2528,6.593,3,930,566.56
6315,5.2692,5.276,3.5,620,206.52
6314,7.9844,5.276,3.5,930,506
6313,5.4653,5.587,3.5,620,214.6
6312,8.8086,5.587,3.5,930,542.41
6311,4.7739,5.625,3,620,200.78
6310,7.6103,5.625,3,930,493.83
6309,4.7583,5.248,3,620,200.48
6308,8.5628,5.248,3,930,529.78
6307,7.3472,6.72,5,590,297.97
6306,10.4347,6.72,5,900,662.8
6305,4.7383,5.84,3,620,198.69
6304,7.7094,5.84,3,930,486.72
6303,4.8411,6.137,3,620,199.62
6302,8.0972,6.137,3,930,525.25
6301,4.7086,6.055,3,620,193.54
6300,7.5822,6.055,3,930,485.44
6299,5.0483,6.438,3,620,202.35
6298,8.1419,6.438,3,930,525.37
6297,4.7347,6.11,3,620,203.83
6296,7.7800,6.11,3,930,502.25
6295,4.7283,5.182,3,620,176.35
6294,NULL,5.182,3,620,NULL
6293,7.4036,5.182,3,930,456.65
6292,4.7161,5.248,3,620,189.75
6291,7.7514,5.248,3,930,476.65
6290,4.8703,5.626,3,620,188.88
6289,7.4253,5.626,3,930,481.12
6288,4.7597,7.019,3,620,212.53
6287,7.9156,7.019,3,930,530.03
6286,4.8097,6.682,3,620,212.53
6285,7.7139,6.682,3,930,514.03
6284,4.7794,5.248,3,620,193.45
6283,7.7361,5.248,3,930,496.52
6282,4.8047,5.551,3,620,228.61
6281,4.7933,7.302,3,620,213.09
6280,7.6972,7.302,3,930,486.28
6279,7.4225,5.551,3,930,461.54
6278,7.9242,5.248,3,930,504.88
6277,4.6794,5.401,3,620,218.35
6276,5.9786,5.401,3,930,409.55
6275,1.9975,5.401,3,620,100.03
6274,7.4261,6.054,3,930,489.23
6273,4.7361,5.117,3,620,198.78
6272,6.8694,5.117,3,930,406.06
6271,7.9150,1.887,3.5,1080,490.36
6270,7.3686,5.248,3,930,467.37
6269,7.3289,5.248,3,930,483.14
6268,7.0808,5.248,3,930,1.07
6267,4.7506,4.828,3,620,200.57
6266,7.1872,3.412,3,950,449.03
6265,7.4478,4.828,3,930,512.91
6264,4.9869,5.976,3,620,255.86
6263,0.5428,5.978,3,620,648.12
6262,8.2581,5.978,3,930,647.05
6261,5.8094,5.829,3.5,620,268.52
6260,4.7561,6.166,3,620,223.46
6259,7.5414,6.166,3,930,508.57
6258,9.6683,5.829,3.5,930,689.3
6257,7.0150,7,5,590,249.35
6256,10.5419,7,5,900,715.89
6255,8.9672,6.851,7,590,389.06
6254,4.8467,6.733,3,620,241.29
6253,8.2350,6.733,3,930,620.25
6252,4.9508,6.349,3,620,216.04
6251,7.8333,6.349,3,930,543.54
6250,4.7278,4.577,3,620,199
6249,7.9642,4.945,3,930,519.17
6248,5.2589,6.054,3,620,210.8
6247,9.2172,6.054,3,930,585.89
6246,4.8128,6.362,3,620,211.23
6245,9.3986,6.362,3,930,572.03
6244,16.6747,4.26,7,930,1108.06
6243,NULL,4.26,7,930,3.21
6242,4.7578,6.478,3,620,173.24
6241,7.4883,6.478,3,930,395.23
6240,7.9008,6.739,3,930,438.64
6239,4.7025,5.414,3,620,153.32
6238,7.0028,5.414,3,930,338.39
6237,7.6839,5.248,3,930,373.75
6236,8.0456,7.21,3,930,456.11
6235,5.6778,3.6,4,560,150.12
6234,10.2483,3.6,4,900,473.27
6233,9.4181,7.346,3,930,528.2
6232,8.6883,5.25,7,590,245.14
6231,12.4625,8.25,7,900,619.48
6230,0.4261,8.25,7,900,NULL
6229,8.7806,5.805,3,930,448.94
6228,4.9736,6.456,3,620,183.72
6227,7.9233,6.456,3,930,436.88
6226,4.9625,6.086,3,620,173.94
6225,NULL,6.086,3,620,NULL
6224,8.4122,6.086,3,930,464.34
6223,4.9606,5.248,3,620,157.47
6222,7.4233,5.248,3,930,392.53
6221,4.8544,5.805,3,620,186.67
6220,4.7306,6.128,3,620,176.17
6219,7.4203,5.805,3,930,376.99
6218,7.6225,6.128,3,930,434.81
6217,4.6528,5.962,3,620,169.27
6216,8.1242,5.962,3,930,447.15
6215,4.7542,5.856,3,620,161.74
6214,7.5325,5.856,3,930,383.29
6213,7.4225,5.248,3,930,396.45
6212,5.2378,5.101,3.5,620,178.27
6211,8.0042,5.101,3.5,930,429.17
6210,4.7119,6.615,3,620,178.2
6209,8.3167,6.615,3,930,496.89
6208,4.6900,4.821,3,620,165.78
6207,8.0742,4.821,3,930,422.13
6206,4.8722,5.251,3,620,186.86
6205,7.8861,5.251,3,930,445.65
6204,9.3242,4.334,7,590,260.51
6203,16.3183,8.057,11,900,752.96
6202,5.1042,4.87,3,620,164.93
6201,7.3422,4.87,3,930,396.88
6200,4.7192,4.87,3,620,163.37
6199,7.3981,4.97,3,930,381.12
6198,4.6025,6.03,3,620,170.72
6197,0.0983,6.03,3,620,NULL
6196,0.1086,6.03,3,620,NULL
6195,0.0544,6.03,3,620,448.34
6194,8.0308,6.03,3,930,447.27
6193,4.7294,7.454,3,620,176.59
6192,7.9889,7.454,3,930,434.78
6191,7.3669,4.97,3,930,379.64
6190,4.7072,4.87,3,620,155.76
6189,7.5664,4.87,3,930,386.92
6188,5.7050,3.8,4,620,172.93
6187,7.7986,4.078,4,930,389.1
6186,4.8297,5.45,3,620,176.03
6185,7.8969,5.45,3,930,410.93
6184,4.7739,5.298,3,620,154.71
6183,7.3519,5.298,3,930,377.19
6182,7.1750,5.117,3,930,349.29
6181,7.9419,4.897,3,930,452.27
6180,8.6347,5.524,7,590,241.77
6179,11.5756,5.524,7,900,503.77
6178,7.6989,5.933,3,930,433.51
6177,5.8736,6.229,4,620,198.92
6176,8.3103,6.229,4,930,453.94
6175,4.7636,5.93,3,620,170.19
6174,7.5906,5.815,3,930,419.6
6173,4.6783,5.932,3,620,161.99
6172,7.7714,5.932,3,930,422.77
6171,4.8114,5.248,3,620,150.66
6170,7.3031,5.248,3,930,379.02
6169,4.6997,3.593,3,620,141.93
6168,7.3292,4.596,3,930,363.82
6167,7.6814,6.102,3,930,430.17
6166,4.7547,5.784,3,620,177.5
6165,7.7389,5.784,3,930,423.32
6164,4.9778,5.248,3,620,162.39
6163,7.1972,5.248,3,930,371.82
6162,6.0814,5.664,4.333333333333333,620,212.72
6161,9.1350,5.848,4.333333333333333,930,478.31
6160,4.6794,5.248,3,620,154.32
6159,7.3067,5.248,3,930,396.57
6158,10.0081,7.154,5,580,328.61
6157,5.6133,5.248,3,620,172.07
6156,12.0278,10.16,7,900,602.37
6155,6.7983,5.248,3,930,314.55
6154,12.4489,6.459,6.333333333333333,1080,731.92
6153,4.6853,4.747,3,620,165.05
6152,7.2389,4.749,3,930,386.44
6151,5.8361,4.707,4,620,191.81
6150,8.2186,4.704,4,930,381.93
6149,12.3008,4.724,6.333333333333333,1080,701.61
6148,4.7567,4.609,3,620,164.79
6147,8.1897,6.036,3,930,462.25
6146,5.1503,5.216,3,620,176.77
6145,3.6417,3.936,2,590,95.31
6144,7.2481,5.261,3,930,376.35
6143,4.9297,6.326,3,620,198.64
6142,7.7425,6.326,3,930,472.18
6141,4.6508,5.248,3,620,153.13
6140,7.0231,5.248,3,930,352.15
6139,7.4667,6.56,3,950,445.37
6138,5.0592,5.772,3,620,183.94
6137,7.5608,5.772,3,930,432.84
6136,5.5147,4.728,4,560,177.82
6135,8.9753,4.728,4,900,499.46
6134,4.5161,12.345,3,620,124.58
6133,0.2300,3.659,3,620,NULL
6132,0.0339,3.659,3,620,NULL
6131,4.4858,3.659,3,620,128.18
6130,7.5831,3.659,3,930,412.92
6129,8.2731,7.9,5,650,322.42
6128,5.8975,5.504,3,620,191.07
6127,7.6528,5.404,3,930,409.21
6126,3.7233,4.87,3,620,143.11
6125,1.8703,4.87,3,620,19.34
6124,7.2400,4.87,3,930,379.47
6123,5.4208,4.728,4.5,560,157.1
6122,8.5578,4.728,4,900,426.25
6121,4.9042,7.174,3,620,185.74
6120,8.1694,7.174,3,930,457.97
6119,4.7378,5.248,3,620,158.2
6118,7.3058,5.248,3,930,366.72
6117,7.0508,8.052,5,650,257.11
6116,7.3664,4.896,3,930,407.06
6115,4.7008,4.981,3,620,161.11
6114,7.0403,4.981,3,930,361.28
6113,4.8972,6.702,3,620,186.33
6112,7.9133,6.816,3,930,467.64
6111,4.7775,7.484,3,620,205.64
6110,8.5042,7.484,3,930,576.91
6109,5.7075,5.625,3,620,207.44
6108,5.1256,5.933,3,620,179.09
6107,7.9486,5.933,3,930,397.03
6106,7.9961,5.625,3,930,420.9
6105,5.1017,5.504,3,620,170.57
6104,7.8286,5.504,3,930,402.47
6103,4.7797,6.05,3,620,129.43
6102,8.4889,6.05,3,930,448.43
6101,4.8278,6.054,3,620,169.89
6100,7.5833,6.054,3,930,394.62
6099,4.8225,7.188,3,620,171.38
6098,8.2019,7.188,3,930,436.99
6097,4.6933,6.004,3,620,160.86
6096,7.9353,6.004,3,930,411.81
6095,7.1661,6.845,5,590,222
6094,11.7914,7.202,5,900,580.38
6093,4.9392,6.931,3,620,182.88
6092,7.8167,6.931,3,930,424.67
6091,4.7406,5.971,3,620,174.62
6090,8.0839,5.971,3,930,490.56
6089,4.8058,6.438,3,620,166.46
6088,7.8108,6.438,3,930,411.45
6087,6.3328,4.784,5,710,257.62
6086,8.1033,2.364,4,930,379.15
6085,4.7286,5.197,3,620,167.12
6084,7.7311,5.197,3,930,440.62
6083,4.6781,4.85,3,620,166.09
6082,7.8792,4.85,3,930,263.68
6081,5.5428,2.364,4,590,166.57
6080,8.7150,3.66,4,900,493.43
6079,6.1367,4.143,4,630,216.25
6078,10.2394,7.408,4,900,589.77
6077,4.6983,6.053,3,620,178.35
6076,8.0369,6.054,3,930,475.25
6075,5.1753,4.703,3,620,191.74
6074,8.3178,4.703,3,930,484.46
6073,4.9133,5.231,3,620,188.03
6072,8.2769,5.231,3,930,492.92
6071,6.1056,7.789,3.5,620,248.85
6070,8.7767,7.397,3,930,546.99
6069,8.1592,9.48,5,650,369.35
6068,6.6403,5.075,5,590,218.55
6067,11.1383,6.568,5,930,612.4
6066,7.1061,6.882,5,650,274.2
6065,8.1422,5.696,3,950,494.22
6064,4.8181,5.42,3,620,180.36
6063,7.9311,5.42,3,930,447.89
6062,8.8358,5.696,3,950,484.59
6061,9.1750,5.696,3,950,518.07
6060,11.4447,8.337,5,900,624.55
6059,4.7108,5.923,3,620,177.15
6058,7.9361,5.923,3,930,457.51
6057,6.9061,4.2,5,590,183.7
6056,12.3328,6.866,7,900,633.77
6055,10.3989,9.475,5,930,598.52
6054,7.6261,6.421,5,650,320.65
6053,4.8131,6.048,3,620,179.2
6052,7.7806,6.048,3,930,460.67
6051,5.1147,6.517,3,620,197.86
6050,8.7403,6.517,3,930,509.64
6049,4.8172,6.693,3,620,195.13
6048,10.8144,6.693,3,930,612.69
6047,7.4117,8.472,5,650,319.37
6046,9.8264,4.74,5,930,607.11
6045,6.7325,5.674,3,620,241.19
6044,8.8758,5.674,3,930,522.23
6043,4.8464,5.004,3,620,178.72
6042,7.5944,5.004,3,930,434.12
6041,0.0139,7.436,6,710,58.86
6040,9.4961,7.436,6,710,375.66
6039,10.7886,9.484,5,900,580.74
6038,11.8281,7.436,6,990,690.13
6037,4.8708,4.563,3,620,169.02
6036,7.4367,4.563,3,930,414.31
6035,4.8225,6.63,3,620,190.64
6034,7.9492,6.63,3,930,459.95
6033,4.8672,4.283,3,620,178.17
6032,7.6611,5.034,3,930,450.49
6031,6.8689,5.256,5,590,256.89
6030,NULL,5.034,3,930,NULL
6029,9.5667,7.3,5,900,553.84
6028,6.0519,7.24,4.5,560,234.6
6027,4.7364,4.24,3,620,166.6
6026,7.6500,4.7,3,930,438.58
6025,4.9856,5.84,3,620,175.07
6024,7.6447,5.84,3,930,436.38
6023,4.7389,5.172,3,620,179.87
6022,7.6181,5.696,3,950,438.64
6021,NULL,5.696,3,950,NULL
6020,8.3861,5.172,3,930,456.48
6019,4.7250,5.062,3,620,155.56
6018,8.1750,6.344,3,930,467.09
6017,8.1433,6.398,3,930,449.99
6016,5.5453,5.558,3.5,620,210.39
6015,8.4719,5.558,3.5,930,497.59
6014,5.0586,6.391,3,620,221.7
6013,9.2319,6.391,3,930,586.18
6012,8.7283,5.735,7,590,298.69
6011,12.6500,7.896,7,900,702.48
6010,4.7731,6.574,3,620,201.57
6009,NULL,6.574,3,620,NULL
6008,7.9100,6.574,3,930,499.86
6007,4.9358,5.625,3,620,67.24
6006,7.6972,5.625,3,930,496.24
6005,4.7842,4.827,3,620,206.28
6004,9.3133,4.827,3,930,641.28
6003,1.3942,12.345,5,900,8.24
6002,25.9867,4.827,3,930,3.08
6001,8.0436,5.263,3,930,465.68
6000,4.7314,5.44,3,620,183.99
5999,7.6969,5.44,3,930,460.91
5998,NULL,5.44,3,930,NULL
5997,4.7500,5.383,3,620,195.03
5996,7.9525,5.383,3,930,479.23
5995,4.8192,5.898,3,620,196.87
5994,9.3792,5.898,3,930,560.93
5993,4.0986,5.779,2,570,155.18
5992,4.7947,6.739,3,620,192.16
5991,8.3433,6.739,3,930,498.38
5990,4.7583,5.94,3,620,179.59
5989,7.7572,5.94,3,930,463.12
5988,4.7908,5.26,3,620,182.78
5987,8.0069,6.5,3,950,481.05
5986,7.9303,5.284,3,930,476.71
5985,5.2167,5.125,3.5,620,199.77
5984,NULL,5.125,3,620,NULL
5983,9.8750,7.904,5,900,521.64
5982,8.8758,5.125,3.5,930,491.93
5981,4.8464,5.635,3,620,188.15
5980,7.6892,5.696,3,950,467.08
5979,8.1050,5.635,3,930,502.84
5978,4.1575,2.943,3,500,117.86
5977,7.7697,9.707,5,650,358.16
5976,9.1847,7.036,3,930,594.55
5975,4.7211,4.783,3,620,188.84
5974,8.1547,4.783,3,930,494.27
5973,4.8119,4.452,3,620,192.54
5972,8.9739,4.452,3,930,521.68
5971,7.7511,9.485,5,650,385.18
5970,5.4786,4.992,4,550,189.61
5969,10.1483,4.992,4,900,612.51
5968,4.8522,6.054,3,620,197.65
5967,7.9739,6.054,3,930,479.15
5966,4.8833,5.721,3,610,186.79
5965,8.4956,5.721,3,930,513.46
5964,4.6836,5.404,3,620,174.33
5963,7.5678,5.404,3,930,413.79
5962,10.0328,9.484,5,900,532.74
5961,4.7617,6.317,3,620,184.33
5960,7.5764,6.317,3,930,445.25
5959,7.4467,8.613,5,650,332.6
5958,3.4972,4.083,2,590,130.78
5957,5.1089,5.194,3,620,169.05
5956,10.2778,10.26,5,900,536.7
5955,7.1128,5.194,3,930,398.1
5954,4.8350,5.349,3,620,198.78
5953,7.3036,9.781,5,650,323.98
5952,8.5331,5.349,3,930,443.39
5951,8.6439,7.312,7,590,266.34
5950,12.1206,7.318,7,930,631.11
5949,5.4464,3.64,4,550,184.66
5948,9.1522,3.536,4,900,518.17
5947,4.9406,6.054,3,620,221.99
5946,7.2589,9.79,5,650,344.42
5945,4.7158,5.041,3,620,169.49
5944,7.1981,5.041,3,930,362.87
5943,7.2992,6.054,3,930,395.81
5942,4.6792,6.739,3,620,173.32
5941,7.4842,6.739,3,930,415.6
5940,5.7878,6.342,4,620,209.83
5939,10.3625,9.484,5,900,547.64
5938,8.2442,6.342,4,930,450.09
5937,9.8928,6.323,5,930,548.28
5936,5.3050,6.173,3.5,620,212.88
5935,9.4819,7.756,5,900,473.3
5934,8.1661,6.175,3.5,930,487.83
5933,5.4553,8.372,3,620,225.5
5932,7.6019,6.896,3,950,465.55
5931,16.2808,8.372,3,930,705.06
5930,4.7181,6.5,3,620,183.61
5929,7.2628,6.5,3,930,410.02
5928,7.5911,6.896,3,950,480.61
5927,7.9411,6.896,3,950,501.61
5926,7.5075,6.812,5,710,368.09
5925,9.7647,9.386,5,900,568.67
5924,7.6711,6.877,3,950,492.48
5923,6.9308,9.618,5,650,326.09
5922,4.8906,6.617,3,610,185.43
5921,7.8189,6.617,3,930,442.39
5920,9.7300,9.484,5,900,568.58
5919,5.1436,6.223,3,690,259.98
5918,3.5692,6.105,2,590,158.54
5917,4.9206,7.34,3,620,222.75
5916,7.2228,9.682,5,650,317.58
5915,9.2339,9.216,5,900,522.27
5914,7.3203,6.251,3,930,438
5913,4.6811,6.116,3,620,200.15
5912,7.3983,6.116,3,930,463.62
5911,7.1086,9.904,5,650,322.53
5910,4.7250,7.062,3,620,195.74
5909,7.4006,7.062,3,930,448.34
5908,4.7786,4.608,3,620,160.02
5907,6.8764,4.608,3,930,376.46
5906,4.7236,4.054,3,620,155.04
5905,7.0733,4.054,3,930,369.36
5904,4.7800,6.739,3,620,191.41
5903,7.3136,6.739,3,930,442.2
5902,6.6950,3.305,5,590,169.6
5901,9.0125,4.601,5,900,455.12
5900,9.5803,9.485,5,900,568.01
5899,4.7189,6.739,3,620,186.73
5898,7.1264,6.739,3,930,425.71
5897,4.8058,5.797,3,620,194.39
5896,7.1175,5.797,3,930,426.24
5895,4.7739,5.008,3,620,164.65
5894,13.4558,7.93,4.5,930,691.8
5893,4.9664,8.383,3,620,232.3
5892,11.0794,9.386,5,900,558.21
5891,8.2333,7.604,3,930,517.42
5890,4.7172,6.48,3,620,183.66
5889,7.2536,6.48,3,930,430.45
5888,7.6689,9.484,5,650,347.01
5887,0.0922,9.484,5,650,NULL
5886,4.7389,5.89,3,620,181.11
5885,7.0494,5.89,3,930,407.42
5884,4.8639,5.248,3,620,167.92
5883,6.8892,5.248,3,930,376.55
5882,4.7275,6.054,3,620,161.6
5881,7.7811,6.054,3,930,413.91
5880,5.1564,6.739,3,620,198.92
5879,8.3408,6.739,3,930,463.14
5878,9.1308,9.484,5,650,340.51
5877,5.0511,6.739,3,620,187.07
5876,8.3367,6.739,3,930,459.07
5875,4.9061,8.039,3,620,190.79
5874,8.3164,7.505,3,930,456.31
5873,5.3861,5.606,3,620,188.63
5872,8.0017,5.606,3,930,438.76
5871,4.7636,5.419,3,620,170.59
5870,7.8500,5.419,3,930,431.55
5869,4.7467,6.124,3,620,168.44
5868,7.6636,6.124,3,930,411.99
5867,4.7006,5.248,3,620,151.21
5866,7.5394,5.248,3,930,616.59
5865,4.8619,6.502,3,620,441.73
5864,7.1822,9.287,5,650,294.14
5863,3.3978,6.015,2,590,150.69
5862,7.5981,6.502,3,930,416.87
5861,3.2036,4.339,2,590,76.84
5860,1.1139,4.339,2,590,82.98
5859,8.1889,6.827,3,950,447.58
5858,7.2406,8.989,5,650,217.87
5857,4.9350,7.173,3,620,455.53
5856,8.2183,7.173,3,930,475
5855,5.4036,4.398,4,550,154
5854,8.9061,5.684,4,900,485
5853,10.0706,9.6,5,930,515
5852,7.0128,9.484,5,650,285
5851,9.9147,6.126,5,930,568
5850,4.7936,7.922,3,620,186.4
5849,8.2508,7.922,3,930,454.29
5848,4.9472,7.029,3,620,179.27
5847,8.1150,7.029,3,930,453.26
5846,4.8150,7.414,3,620,194.72
5845,9.0897,7.414,3,930,545.39
5844,5.0650,7.494,3,620,215
5843,8.9575,7.494,3,930,487.77
5842,4.9983,7.583,3,620,178.73
5841,5.9044,33.444,3,930,302.11
5840,2.0461,7.583,3,930,158.49
5839,4.9714,7.558,3,620,185.81
5838,8.5558,7.558,3,930,486.28
5837,7.3836,9.628,5,650,313.27
5836,4.7461,6.402,3,620,175.83
5835,7.9544,6.402,3,930,417.48
5834,7.3122,5.248,3,930,403.63
5833,5.3617,55.555,4,550,219.71
5832,NULL,4.992,4,550,93.06
5831,9.3333,4.992,4,900,518.7
5830,4.9517,6.739,3,620,211.44
5829,5.7992,6.582,3,620,1.07
5828,7.9903,6.739,3,930,429.94
5827,8.3811,6.549,3,930,481.36
5826,6.9656,6.4,5,590,228.2
5825,10.1419,6.4,5,900,538.15
5824,5.2089,6.444,3,620,178.68
5823,7.9597,6.444,3,930,428.99
5822,4.6389,5.913,3,620,159.32
5821,7.6350,5.913,3,930,412.16
5820,5.0700,4.447,3,620,168.07
5819,8.2164,6.904,3,930,488.48
5818,7.5328,7.996,5,650,317.65
5817,4.9253,4.964,3,620,184.65
5816,8.1625,8.214,3,930,465.86
5815,7.3964,5.248,3,930,394.19
5814,4.7956,6.073,3,620,170.03
5813,7.4342,6.073,3,930,411.78
5812,4.7461,6.65,3,620,175.19
5811,7.7606,6.65,3,930,421.87
5810,7.3319,5.248,3,930,399.2
5809,5.3419,4.992,4,550,156.83
5808,8.9406,4.992,4,900,491.76
5807,4.7533,6.739,3,620,178.51
5806,4.2469,5,3,930,195.18
5805,11.4128,6.739,3,930,84.92
5804,5.4208,4.992,4,550,156.37
5803,8.8875,4.992,4,900,490.82
5802,4.9456,7.188,3,620,213.77
5801,5.9022,7.689,3.5,620,201.05
5800,7.6219,7.188,3,930,411.37
5799,8.8019,7.689,3.5,930,473.35
5798,5.2464,6.55,3,620,199.51
5797,8.1264,6.65,3,930,455.08
5796,8.0317,9.144,3,930,444.91
5795,7.3003,10.102,5,650,313.3
5794,4.8606,6.337,3,620,188.6
5793,8.5242,6.337,3,930,462.5
5792,4.6650,4.458,3,620,143.56
5791,7.0606,4.458,3,930,360.93
5790,4.8086,5.467,3,620,173.63
5789,7.8172,5.467,3,930,427.31
5788,6.8369,5.795,5,620,248.74
5787,0.3506,7.595,5,620,NULL
5786,3.3886,55.555,3,930,102.19
5785,12.2658,5.795,5,930,610.5
5784,4.7456,5.439,3,620,149.59
5783,7.4506,5.439,3,930,385.72
5782,5.3814,4.992,4,550,162.87
5781,10.7597,4.992,4,900,562.78
5780,4.7919,6.739,3,620,174.48
5779,7.9350,6.739,3,930,428.85
5778,4.6642,5.248,3,620,157.46
5777,0.1775,5.248,3,620,NULL
5776,7.4772,5.248,3,930,383.08
5775,4.7928,6.683,3,620,172.91
5774,7.8733,6.683,3,930,425.68
5773,4.7986,4.56,3,620,144.32
5772,7.4967,4.56,3,930,373.26
5771,4.8894,6.89,3,620,188.43
5770,8.2889,6.89,3,930,459.84
5769,4.9625,7.571,3,620,191.76
5768,7.9331,7.571,3,930,427.72
5767,7.8847,6.739,3,930,434.03
5766,4.6797,6.097,3,610,178.26
5765,7.8881,6.097,3,930,463.2
5764,7.1006,9.124,5,650,285.58
5763,8.0658,6.179,3,930,463.48
5762,4.9183,5.84,3,620,166.96
5761,7.3467,5.84,3,930,390.77
5760,4.6964,5.248,3,620,162.62
5759,7.3156,5.248,3,930,393.49
5758,4.8128,5.66,3,620,192.45
5757,6.0606,4.992,4,550,185.27
5756,8.6242,4.992,4,900,467.52
5755,7.9239,5.66,3.5,930,433.01
5754,4.7147,6.739,3,620,174.42
5753,7.6044,6.739,3,930,418.39
5752,5.0222,4.608,3,620,160.43
5751,7.6964,4.608,3,930,368.91
5750,4.7431,6.61,3,620,164.65
5749,7.8706,6.61,3,930,400.87
5748,0.3581,6.61,3,930,NULL
5747,4.8164,6.739,3,620,164.55
5746,7.5906,6.739,3,930,415.88
5745,4.6844,5.747,3,620,168.03
5744,7.5767,5.747,3,930,349.88
5743,4.8578,7.657,3,620,212.86
5742,5.1969,5.632,3,620,205.76
5741,8.7197,7.657,3,930,467.11
5740,7.7731,5.632,3,930,450.82
5739,4.7144,5.796,3,620,153.98
5738,7.2669,5.796,3,930,398.78
5737,5.3619,2.496,4,550,123.39
5736,9.8594,6.9,5,900,520.98
5735,4.5956,4.248,3,620,148.05
5734,7.4228,5.248,3,930,380.75
5733,4.6711,5.248,3,620,152.89
5732,6.9739,5.248,3,930,375.61
5731,4.7250,6.646,3,620,171.76
5730,7.8511,6.646,3,930,432.29
5729,5.8342,6.478,3,620,211.31
5728,8.1511,6.478,3,930,448.9
5727,4.7833,6.424,3,620,174.78
5726,8.0211,6.424,3,930,409.45
5725,4.7481,6.73,3,620,174.68
5724,7.7489,6.73,3,930,432.26
5723,4.8764,7.733,3,620,190.47
5722,8.9153,7.733,3,930,493.44
5721,4.8078,4.308,3,620,154.95
5720,7.9803,6.337,3,930,460.87
5719,4.8636,6.734,3,620,184.99
5718,7.5244,6.739,3,930,403.68
5717,7.3664,6.478,3,930,393.09
5716,4.7142,5.008,3,620,155.34
5715,6.8689,5.008,3,930,321.1
5714,7.0003,5.248,3,930,356.54
5713,4.8386,6.883,3,620,196.29
5712,4.7519,6.552,3,620,173.63
5711,7.1519,6.552,3,930,407.42
5710,7.2778,6.883,3,930,376.76
5709,4.7172,6.502,3,620,167.97
5708,7.4097,6.502,3,930,410.92
5707,5.2819,7.311,3,620,228.8
5706,5.7839,4.296,4,620,174.25
5705,7.7736,4.296,4,930,357.99
5704,7.8786,7.311,3,930,450.67
5703,5.0181,6.982,3,620,208.6
5702,7.9917,6.982,3,930,486.52
5701,5.3831,3.744,4,550,156.91
5700,9.4539,3.744,4,900,497.88
5699,5.5703,8.117,3,620,207.56
5698,7.8636,8.117,3,930,464.8
5697,4.6650,6.739,3,620,154.22
5696,7.4578,6.739,3,930,420.84
5695,4.8239,6.953,3,620,219.75
5694,3.5589,6.773,2,590,138.85
5693,9.7156,6.953,3,930,499.07
5692,4.8253,5.248,3,620,123.83
5691,7.3042,5.248,3,930,371.83
5690,4.6944,5.248,3,620,158.53
5689,7.0844,5.248,3,930,363.21
5688,4.6592,5.495,3,620,162.79
5687,7.4197,5.495,3,930,411.66
5686,4.6983,6.454,3,620,170.76
5685,7.2922,6.454,3,930,414.21
5684,4.7183,4.48,3,620,150.67
5683,7.1828,4.48,3,930,367.62
5682,4.7978,7.778,3,620,187.91
5681,7.6311,7.778,3,930,441.22
5680,5.2186,6.08,3.5,620,130.9
5679,7.8394,6.08,3.5,930,405.07
5678,5.2403,7.854,3,620,182.63
5677,8.1500,7.854,3,930,444.4
5676,4.7183,6.552,3,620,167.83
5675,7.3108,6.552,3,930,398.89
5674,4.7417,7.194,3,620,179.77
5673,7.8931,7.194,3,930,409.67
5672,5.5464,111.111,5,900,234.93
5671,5.9247,7.992,5,900,383.15
5670,5.0403,5.429,3,620,196.36
5669,4.7586,5.759,3,620,162.52
5668,7.1383,5.759,3,930,336.94
5667,7.7092,5.429,3,930,403.5
5666,3.5758,6.738,2,590,135.13
5665,4.6653,5.248,3,620,140.39
5664,6.9522,5.248,3,930,343.01
5663,5.1589,6.899,3.5,620,180.33
5662,8.0025,6.899,3.5,930,425.96
5661,5.0558,4.56,3,620,167.65
5660,4.7083,5.248,3,620,135.53
5659,6.7253,5.248,3,930,299
5658,6.8058,4.608,3,930,304.74
5657,4.6792,4.608,3,620,136.61
5656,7.4478,4.608,3,930,297.38
5655,4.6992,5.399,3,620,180.39
5654,7.2992,5.399,3,930,434.31
5653,5.2172,5.87,3.5,620,193.09
5652,8.0161,6.08,3.5,930,470.11
5651,4.9264,7.089,3,620,242.98
5650,5.4078,4.784,4,550,174
5649,7.5161,7.079,3,930,444.69
5648,NULL,7.079,3,930,NULL
5647,8.4908,4.784,4,900,525.08
5646,5.5964,8.401,3,620,260.92
5645,4.7364,6.239,3,620,184.5
5644,7.3900,6.739,3,930,429.45
5643,8.2817,8.401,3,930,530.21
5642,4.8028,5.257,3,620,202.7
5641,3.6114,6.739,2,590,139.98
5640,7.8333,6.449,3,930,474.69
5639,5.1444,7.355,3,620,247.53
5638,5.1894,6.739,3,620,188.85
5637,7.9161,7.355,3,930,475.31
5636,7.6642,6.739,3,930,469.44
5635,4.7408,4.853,3,620,165.17
5634,7.3731,4.853,3,930,410.35
5633,4.6983,7.497,3,620,196.64
5632,8.0086,7.497,3,930,499.63
5631,4.8892,7.807,3,620,202.95
5630,8.0075,7.807,3,930,480.08
5629,4.7472,6.454,3,620,187.62
5628,7.3211,6.454,3,930,419.14
5627,5.3261,5.87,3.5,620,183.59
5626,8.0278,5.87,3.5,930,449.5
5625,4.9869,5.265,3,620,193.86
5624,4.8975,5.248,3,620,165.94
5623,6.9603,5.248,3,930,356.98
5622,7.6161,6.433,3,930,444.5
5621,4.7172,4.608,3,620,194.32
5620,5.4817,6.252,4,550,161.47
5619,8.5150,6.252,4,900,482.02
5618,7.4572,4.608,3,930,485.27
5617,4.8625,6.718,3,620,201.21
5616,0.1503,6.718,3,620,1.07
5615,7.5367,6.718,3,930,444.42
5614,5.8756,6.148,3,620,219.75
5613,7.3811,6.148,3,930,427.04
5612,4.5881,4.579,3,620,164.7
5611,0.2742,4.579,3,620,NULL
5610,0.0467,4.579,3,620,NULL
5609,0.1092,4.579,3,620,NULL
5608,7.4144,4.579,3,930,420.88
5607,3.5122,6.453,2,590,163.19
5606,5.6225,5.749,3,620,219.28
5605,8.0219,5.749,3,930,479.12
5604,5.2158,6.988,3,620,230.66
5603,3.6019,4.608,2,590,122.58
5602,7.8964,6.988,3,930,465.41
5601,3.6356,4.464,2,590,138.8
5600,5.5886,5.88,3.5,620,233.77
5599,3.2478,5.182,2,590,149.54
5598,8.0303,5.88,3.5,930,433.62
5597,8.7144,6.675,7,590,273.88
5596,11.2992,6.675,7,900,577.09
5595,5.1486,5.248,3,620,201.27
5594,4.7967,6.054,3,620,182.09
5593,NULL,6.054,3,620,NULL
5592,7.1736,6.054,3,930,382.77
5591,5.3306,111.111,3,930,278.3
5590,3.1122,5.248,3,930,147.58
5589,4.8528,5.882,3,620,226.49
5588,5.1006,6.559,3,620,211.78
5587,7.4533,5.882,3,930,442.15
5586,7.5375,6.559,3,930,450.21
5585,5.5678,4.492,3,620,192.96
5584,4.8317,7.041,3,620,190.37
5583,7.4972,7.103,3,930,433.61
5582,7.7222,6.778,3,930,460.94
5581,5.1511,4.603,3,620,172.6
5580,7.0556,4.971,3,930,391.16
5579,4.8853,6.387,3,620,194.85
5578,7.0333,6.387,3,930,434.28
5577,4.7975,6.254,3,620,177.5
5576,7.6833,8.463,3,930,488.82
5575,5.8086,6.891,4,620,233.24
5574,8.0808,6.891,4,930,470.76
5573,4.6678,5.488,3,620,174.06
5572,9.0306,5.488,3,930,210.13
5571,5.7750,5.76,3,620,234.02
5570,4.9667,6.821,3,620,194.22
5569,7.6517,6.821,3,930,426.47
5568,7.6769,5.76,3,930,472.39
5567,3.8911,6.184,2,590,161.85
5566,5.4103,5.84,3.5,620,192.52
5565,8.0175,5.84,3.5,930,444.23
5564,5.3817,6.24,4,550,142.51
5563,2.1686,6.24,5,590,93.53
5562,8.4058,6.24,4,900,469.71
5561,5.0408,5.28,3,620,174.36
5560,7.2025,5.28,3,930,394.28
5559,5.0500,5.37,3,620,206.26
5558,4.9617,5.96,3,620,182.36
5557,6.9758,5.96,3,930,379.78
5556,7.1394,5.37,3,930,420.41
5555,4.8536,7.325,3,620,234.6
5554,5.0914,5.676,3,620,165.16
5553,7.3017,7.325,3,930,439.98
5552,7.2994,6.868,3,930,458.02
5551,5.1053,6.739,3,620,212.48
5550,5.0069,6.319,3,620,186.23
5549,8.0869,6.319,3,930,420.92
5548,7.2725,6.739,3,930,446.85
5547,3.6189,5.248,2,590,148.2
5546,4.7467,7.611,3,620,204.17
5545,7.6564,7.611,3,930,480.44
5544,5.1917,5.87,3.5,620,191.23
5543,7.5681,5.87,3.5,930,417.09
5542,4.8833,5.248,3,620,179.08
5541,6.9581,5.248,3,930,387.88
5540,4.6972,5.248,3,620,174.41
5539,7.1906,5.248,3,930,395.44
5538,4.6594,6.334,3,620,184.97
5537,7.3297,6.334,3,930,437.55
5536,4.6547,5.744,3,620,189.76
5535,7.2633,5.744,3,930,444.94
5534,4.8556,7.828,3,620,207.61
5533,8.7900,7.828,3,930,497.45
5532,4.8292,6.345,3,620,235.1
5531,4.7553,6.905,3,620,201.6
5530,7.1786,6.345,3,930,421.26
5529,7.2542,6.905,3,930,442.48
5528,4.7028,7.828,3,620,194
5527,9.3389,7.828,3,930,474.41
5526,4.6692,4.661,3,620,169.2
5525,7.4994,6.981,3,930,471.36
5524,4.7706,6.574,3,620,198.5
5523,7.3019,6.574,3,930,441.8
5522,4.7181,6.907,3,620,196.31
5521,7.2328,6.907,3,930,433.72
5520,4.7667,7.744,3,620,216.21
5519,7.5306,7.744,3,930,464.74
5518,4.8644,5.248,3,620,199.66
5517,4.9378,6.689,3,620,211.85
5516,5.4008,5.87,3.5,620,189.73
5515,9.5486,5.87,3.5,930,420.46
5514,7.5628,6.689,3,930,449.03
5513,4.7611,5.248,3,620,164.23
5512,6.7861,5.248,3,930,347.93
5511,7.1458,5.248,3,930,384.07
5510,4.7503,5.744,3,620,179.85
5509,7.9589,5.744,3,930,458.86
5508,4.7094,6.846,3,620,181.5
5507,8.5181,6.846,3,930,474.26
5506,4.7144,6.739,3,620,177.87
5505,7.8353,6.739,3,930,437.1
5504,5.1458,4.584,3,620,166.33
5503,7.4264,4.584,3,930,387.38
5502,5.6772,6.205,4,620,193.1
5501,10.0608,6.205,4,930,529.43
5500,5.8564,4.62,4,620,212.24
5499,4.7172,5.734,3,620,157.38
5498,8.6172,5.919,3,930,465.18
5497,7.5008,5.734,3,930,415.8
5496,4.8261,4.381,3,620,165.67
5495,8.1308,6.73,3,930,470.48
5494,4.7844,5.248,3,620,166.66
5493,7.3156,5.248,3,930,393.84
5492,4.7667,5.248,3,620,182.42
5491,4.6844,6.94,3,620,169.92
5490,7.4469,6.94,3,930,395.66
5489,3.5200,5.248,3,930,132.14
5488,5.4511,5.248,3,930,289.81
5487,5.5367,6.957,3,620,221.31
5486,8.0378,6.957,3,930,457.53
5485,4.7103,5.744,3,620,185.01
5484,7.6850,5.744,3,930,454.5
5483,4.7544,6.062,3,620,197.2
5482,10.1275,6.062,3,930,493.77
5481,4.7192,6.739,3,620,174.88
5480,7.4506,6.739,3,930,413.18
5479,4.7667,5.811,3,620,165.01
5478,7.0625,5.811,3,930,388.35
5477,4.8239,5.606,3,620,161.62
5476,7.1939,5.606,3,930,389.27
5475,4.7292,6.645,3,620,175.53
5474,7.3975,6.645,3,930,417.43
5473,4.6553,5.839,3,620,158.35
5472,7.2617,5.839,3,930,393.78
5471,5.2486,5.248,2,590,187.48
5470,6.2419,5.51,4.5,620,181.12
5469,9.1439,7.859,4.5,930,488.29
5468,4.8822,5.991,3,620,174.01
5467,7.5556,5.991,3,930,406.81
5466,5.0086,4.852,3,620,188.79
5465,4.7925,4.852,3,620,152.58
5464,7.4961,4.852,3,930,339.3
5463,7.4411,4.852,3,930,385.14
5462,4.9689,5.744,3,620,208.05
5461,4.8483,6.957,3,620,175.12
5460,7.5547,6.957,3,930,412.17
5459,7.6058,5.744,3,930,445.28
5458,4.7211,6.271,3,620,191.82
5457,4.8744,6.641,3,620,206.7
5456,NULL,6.641,3,620,NULL
5455,7.3339,6.084,3,930,382.23
5454,7.8303,6.641,3,930,475.62
5453,4.9144,4.555,3,620,175.69
5452,4.7956,7.934,3,620,201.41
5451,6.9733,4.555,3,930,340.33
5450,7.7272,7.934,3,930,466.21
5449,4.6669,6.739,3,620,171.82
5448,7.4886,6.739,3,930,425.29
5447,4.6792,4.458,3,620,150.55
5446,6.8492,4.458,3,930,364.07
5445,4.6406,6.004,3,620,163.87
5444,7.5300,6.004,3,930,427.93
5443,4.6442,6.748,3,620,176.22
